{
  "events": [
    {
      "title": "A new event",
      "image": "https://cdn.muenchen-p.de/fl_progressive,q_65/.imaging/stk/responsive/teaser300/dms/va-2016/muenchner-christkindlmarkt/christkindlmarkt-marienplat-logo-hp/document/christkindlmarkt-marienplat-logo-hp.jpg",
      "date": "2022-10-01",
      "description": "Some awesome event!",
      "id": "2a42fcc4-ea21-4bdd-abf6-c40006dc66a9"
    },
    {
      "title": "A Second event",
      "image": "https://cdn.muenchen-p.de/fl_progressive,q_65/.imaging/stk/responsive/teaser300/dms/va-2016/muenchner-christkindlmarkt/christkindlmarkt-marienplat-logo-hp/document/christkindlmarkt-marienplat-logo-hp.jpg",
      "date": "2022-10-01",
      "description": "Some awesome event!",
      "id": "2a42fcc4-ea21-4bdd-abf6-c40006dc66e9"
    },
    {
      "title": "A Third event",
      "image": "https://cdn.muenchen-p.de/fl_progressive,q_65/.imaging/stk/responsive/teaser300/dms/va-2016/muenchner-christkindlmarkt/christkindlmarkt-marienplat-logo-hp/document/christkindlmarkt-marienplat-logo-hp.jpg",
      "date": "2022-10-01",
      "description": "Some awesome event!",
      "id": "2a42fcc4-ea21-4bdd-abf6-c40006dc66b9"
    }
  ],
  "users": [
    {
      "email": "www.mehla007@gmail.com",
      "password": "$2a$12$kGCYXOD0Yt8dZZNIH8mLzesuOa5qi5ZXWglK8DA5L..HbfWhz9oIW",
      "id": "c9334da9-84ce-48c2-8b1e-58b267d53d3f"
    }
  ]
}
